mean_fit_time,std_fit_time,mean_score_time,std_score_time,param_subsample,param_reg_lambda,param_reg_alpha,param_n_estimators,param_min_child_weight,param_max_depth,param_learning_rate,param_colsample_bytree,params,split0_test_score,split1_test_score,split2_test_score,split3_test_score,split4_test_score,mean_test_score,std_test_score,rank_test_score,split0_train_score,split1_train_score,split2_train_score,split3_train_score,split4_train_score,mean_train_score,std_train_score
1.599087381362915,0.13354139981997631,0.007580709457397461,0.0010306306911928632,0.65,0.5,0.01,600,1,5,0.05,0.65,"{'subsample': 0.65, 'reg_lambda': 0.5, 'reg_alpha': 0.01, 'n_estimators': 600, 'min_child_weight': 1, 'max_depth': 5, 'learning_rate': 0.05, 'colsample_bytree': 0.65}",-6.041089524152941,-6.356447620286678,-7.34955482198003,-5.462961096311466,-5.519347709399535,-6.145880154426131,0.6874698224344397,24,-0.003250768892608805,-0.029986054236329676,-0.08666629234610579,-0.16696535553528905,-0.2570402434849566,-0.10878174289905798,0.09295219841953757
1.106462001800537,0.1572703506701157,0.036184072494506836,0.05802647788417764,1.0,1.0,0.01,800,5,2,0.01,0.65,"{'subsample': 1.0, 'reg_lambda': 1.0, 'reg_alpha': 0.01, 'n_estimators': 800, 'min_child_weight': 5, 'max_depth': 2, 'learning_rate': 0.01, 'colsample_bytree': 0.65}",-5.908169261452429,-5.764853101083091,-6.042938147844587,-5.276533822094124,-5.239783314288529,-5.6464555293525525,0.3292217761126089,3,-3.681934864142574,-4.186011019403906,-4.418214910762462,-4.277315507952847,-4.4112938116718095,-4.194954022786719,0.2708137282483236
1.299689483642578,0.18511294762586641,0.006006050109863281,0.00032170091610343786,1.0,1.0,0.01,150,1,6,0.05,1.0,"{'subsample': 1.0, 'reg_lambda': 1.0, 'reg_alpha': 0.01, 'n_estimators': 150, 'min_child_weight': 1, 'max_depth': 6, 'learning_rate': 0.05, 'colsample_bytree': 1.0}",-6.203808830746912,-6.0810815165201815,-6.817522241845765,-5.601558169668076,-5.398682165932715,-6.02053058494273,0.49692783638257443,16,-0.12219486500166954,-0.42109733632123036,-0.7215978716589185,-0.8901004580018534,-1.1669806972143626,-0.6643942456396068,0.3633131555237741
0.5562276363372802,0.3750480967728257,0.007424116134643555,0.0011335389132281905,0.8,0.5,1.0,800,5,2,0.12,0.8,"{'subsample': 0.8, 'reg_lambda': 0.5, 'reg_alpha': 1.0, 'n_estimators': 800, 'min_child_weight': 5, 'max_depth': 2, 'learning_rate': 0.12, 'colsample_bytree': 0.8}",-6.820740727849593,-6.308944263727862,-7.43509920800001,-5.875581518441468,-5.934796883872277,-6.475032520378242,0.5865191497411245,30,-0.17316700504423682,-0.5490942462120528,-0.9556792846370473,-1.3207757236805722,-1.664323865156944,-0.9326080249461706,0.531121077979109
0.30940842628479004,0.04359622892834367,0.006561279296875,0.0006406528244067341,0.8,5.0,0.01,800,1,2,0.03,0.65,"{'subsample': 0.8, 'reg_lambda': 5.0, 'reg_alpha': 0.01, 'n_estimators': 800, 'min_child_weight': 1, 'max_depth': 2, 'learning_rate': 0.03, 'colsample_bytree': 0.65}",-6.300822408380724,-5.869316320972873,-6.396047007682626,-5.228425689339293,-5.2384474139603165,-5.806611768067166,0.5005436633435977,8,-1.8491710723152996,-2.7877482845296977,-3.209855951352431,-3.302241958675575,-3.5216657438922683,-2.934136602153054,0.592501973986422
0.8556742668151855,0.26824870082188795,0.007951879501342773,0.0014031814273675683,0.65,2.0,0.0,600,5,5,0.08,1.0,"{'subsample': 0.65, 'reg_lambda': 2.0, 'reg_alpha': 0.0, 'n_estimators': 600, 'min_child_weight': 5, 'max_depth': 5, 'learning_rate': 0.08, 'colsample_bytree': 1.0}",-6.838297276237316,-5.998691225087254,-6.782282551995374,-5.604186990962186,-5.366973907768996,-6.118086390410225,0.6003962060112163,22,-0.010383530643212678,-0.013364488076104178,-0.040108156638701674,-0.0953008226157421,-0.13845938881455966,-0.059523277357664064,0.04986629700360962
0.3802657604217529,0.12111174296154632,0.006721019744873047,0.0006989333097505853,0.65,5.0,1.0,800,8,2,0.03,0.8,"{'subsample': 0.65, 'reg_lambda': 5.0, 'reg_alpha': 1.0, 'n_estimators': 800, 'min_child_weight': 8, 'max_depth': 2, 'learning_rate': 0.03, 'colsample_bytree': 0.8}",-6.277610705252817,-5.8400851658106445,-6.158471421668643,-5.262498801043113,-5.210965932875708,-5.749926405330185,0.44306938805125995,7,-2.2576874177510433,-2.9724013566711807,-3.2882613932291664,-3.3959270245722877,-3.5929116048476595,-3.1014377594142677,0.46727691372030855
0.5660574913024903,0.16078046096942072,0.007846593856811523,0.0015540633539976325,0.65,1.0,0.01,600,8,4,0.12,1.0,"{'subsample': 0.65, 'reg_lambda': 1.0, 'reg_alpha': 0.01, 'n_estimators': 600, 'min_child_weight': 8, 'max_depth': 4, 'learning_rate': 0.12, 'colsample_bytree': 1.0}",-7.112977028447585,-6.625539401585475,-6.861537231391773,-5.83687768612967,-5.4616828812563325,-6.379722845762166,0.6273293905929218,27,-0.011332090987602437,-0.03295190157007289,-0.09919547060705412,-0.19838907056969804,-0.2691631588032692,-0.12220633850753933,0.09817236781656648
0.09653844833374023,0.019659509543849277,0.005686235427856445,0.0013805062801896424,0.8,0.5,0.1,150,8,3,0.05,0.8,"{'subsample': 0.8, 'reg_lambda': 0.5, 'reg_alpha': 0.1, 'n_estimators': 150, 'min_child_weight': 8, 'max_depth': 3, 'learning_rate': 0.05, 'colsample_bytree': 0.8}",-5.932017110150559,-5.857045238863914,-6.143873537255767,-5.315649940113629,-5.262655056181408,-5.702248176513056,0.350567870877684,5,-2.508726210422934,-3.088762537779632,-3.4799978777630654,-3.531966159912603,-3.6862249123458932,-3.259135539644826,0.42373651557937597
0.37943806648254397,0.0664501638046748,0.007931947708129883,0.0012048204099747756,1.0,2.0,0.01,800,1,2,0.01,1.0,"{'subsample': 1.0, 'reg_lambda': 2.0, 'reg_alpha': 0.01, 'n_estimators': 800, 'min_child_weight': 1, 'max_depth': 2, 'learning_rate': 0.01, 'colsample_bytree': 1.0}",-6.080458015774605,-5.6276336354956,-6.190310537792388,-5.3953305481469265,-5.264235867944397,-5.711593721030783,0.3667237101118283,6,-3.6341738686109113,-4.147848160396624,-4.348660676761498,-4.253478660325387,-4.373763031351325,-4.151584879489148,0.2706704493867566
0.5052396297454834,0.15081711495603883,0.0074288368225097655,0.0010376178756139273,0.65,1.0,0.0,400,3,5,0.05,0.65,"{'subsample': 0.65, 'reg_lambda': 1.0, 'reg_alpha': 0.0, 'n_estimators': 400, 'min_child_weight': 3, 'max_depth': 5, 'learning_rate': 0.05, 'colsample_bytree': 0.65}",-6.569250570185382,-5.978207336456375,-7.149755138701244,-5.4260656728123795,-5.3709448679759095,-6.0988447172262585,0.6815742940051485,19,-0.06987738458118302,-0.23450565147776664,-0.36954907052266495,-0.5950059320466435,-0.7390704367957571,-0.4016016950848031,0.24094805548761522
2.1992761135101317,0.9321000356822159,0.015125274658203125,0.005440350920911009,1.0,1.0,1.0,800,1,6,0.03,0.8,"{'subsample': 1.0, 'reg_lambda': 1.0, 'reg_alpha': 1.0, 'n_estimators': 800, 'min_child_weight': 1, 'max_depth': 6, 'learning_rate': 0.03, 'colsample_bytree': 0.8}",-6.229973388059994,-5.82821498406967,-7.06932943457123,-5.756422433473188,-5.17714146758345,-6.012216341551506,0.6263454782842661,15,-0.09657933195907725,-0.10605805109942408,-0.09997041511441003,-0.11032524524992388,-0.14926782431829647,-0.11244017354822633,0.019018630030654297
0.14322366714477539,0.026575928282458607,0.007660388946533203,0.0013919572936935156,0.65,2.0,0.01,150,1,3,0.03,1.0,"{'subsample': 0.65, 'reg_lambda': 2.0, 'reg_alpha': 0.01, 'n_estimators': 150, 'min_child_weight': 1, 'max_depth': 3, 'learning_rate': 0.03, 'colsample_bytree': 1.0}",-5.713131023894575,-5.766323595457148,-6.224444909254949,-5.1863689475091315,-5.209011282715762,-5.619855951766313,0.3879136868410796,2,-3.1044185496940524,-3.6212803649638614,-3.9737717349801014,-3.9352605902458313,-4.094139059174841,-3.745774059811737,0.35667403277911247
0.7240641117095947,0.2811411331156136,0.0076866626739501955,0.000699929145081004,1.0,1.0,0.01,150,1,6,0.01,1.0,"{'subsample': 1.0, 'reg_lambda': 1.0, 'reg_alpha': 0.01, 'n_estimators': 150, 'min_child_weight': 1, 'max_depth': 6, 'learning_rate': 0.01, 'colsample_bytree': 1.0}",-5.714517744866469,-5.986424544297603,-6.872632952284276,-5.43318680501147,-5.130544900397967,-5.827461389371557,0.5952401511751612,10,-3.1748040637236734,-3.225145758378771,-3.444843609823601,-3.5336665393857816,-3.6668029242213978,-3.409052579106645,0.18543945807317663
0.1768181324005127,0.025278518342122868,0.007221412658691406,0.0009340972346455026,0.8,1.0,1.0,400,5,2,0.01,0.65,"{'subsample': 0.8, 'reg_lambda': 1.0, 'reg_alpha': 1.0, 'n_estimators': 400, 'min_child_weight': 5, 'max_depth': 2, 'learning_rate': 0.01, 'colsample_bytree': 0.65}",-5.355966492945926,-5.480717549856085,-5.902241742585835,-5.2437285415588,-5.253502772066886,-5.447231419802708,0.24307579559735495,1,-4.662044243723923,-4.761831313670594,-4.9207652988519035,-4.765991099733382,-4.85308103421236,-4.792742598038433,0.08807241201062477
0.2350295066833496,0.07130577841217113,0.010340118408203125,0.006655993232443253,1.0,1.0,0.1,150,8,6,0.12,0.8,"{'subsample': 1.0, 'reg_lambda': 1.0, 'reg_alpha': 0.1, 'n_estimators': 150, 'min_child_weight': 8, 'max_depth': 6, 'learning_rate': 0.12, 'colsample_bytree': 0.8}",-6.606849853542395,-6.142473074880041,-6.777087094861941,-5.626165220398845,-5.358278600829467,-6.102170768902538,0.546222324939822,21,-0.2533080965844968,-0.37785689325214916,-0.5089559980261514,-0.6539323734252608,-0.8756779905328863,-0.5339462703641888,0.21675950979756045
1.0077655792236329,0.25007971106097004,0.012012338638305664,0.004202196329242305,0.65,0.5,0.01,800,3,4,0.01,1.0,"{'subsample': 0.65, 'reg_lambda': 0.5, 'reg_alpha': 0.01, 'n_estimators': 800, 'min_child_weight': 3, 'max_depth': 4, 'learning_rate': 0.01, 'colsample_bytree': 1.0}",-6.50248107627926,-5.76439533269973,-6.589235671128963,-5.223491850580562,-5.289857647689781,-5.8738923156756595,0.5801632173508566,11,-1.0338686736132399,-1.73634881338614,-2.1715959621748127,-2.414554490553918,-2.6267953999155984,-1.996632667928742,0.5651615816084493
1.5835952758789062,0.4128957475668872,0.011140584945678711,0.002150639628750222,1.0,1.0,0.0,400,1,6,0.01,1.0,"{'subsample': 1.0, 'reg_lambda': 1.0, 'reg_alpha': 0.0, 'n_estimators': 400, 'min_child_weight': 1, 'max_depth': 6, 'learning_rate': 0.01, 'colsample_bytree': 1.0}",-6.148165196824611,-6.048959504091649,-6.841062758825775,-5.455933847192728,-5.336375445220107,-5.966099350430974,0.5408134208774604,13,-0.6453745110727577,-1.0087208963389453,-1.3819503153748116,-1.601663021911792,-1.8916817277300253,-1.3058780944856665,0.4384082542374127
0.42830686569213866,0.11570595139092837,0.008590459823608398,0.001189314656561565,0.8,1.0,1.0,400,5,3,0.03,1.0,"{'subsample': 0.8, 'reg_lambda': 1.0, 'reg_alpha': 1.0, 'n_estimators': 400, 'min_child_weight': 5, 'max_depth': 3, 'learning_rate': 0.03, 'colsample_bytree': 1.0}",-6.618064810987582,-5.857938065428004,-6.620481387260265,-5.238932743117996,-5.209039267403739,-5.908891254839517,0.6245832352145549,12,-1.2959800211625672,-2.084285521897681,-2.568982496148323,-2.8188981029714517,-2.997054281619552,-2.3530400847599147,0.6112305779387487
1.4214982032775878,0.533530619983452,0.01185779571533203,0.0017018565972133576,0.8,0.5,0.1,600,3,6,0.01,0.65,"{'subsample': 0.8, 'reg_lambda': 0.5, 'reg_alpha': 0.1, 'n_estimators': 600, 'min_child_weight': 3, 'max_depth': 6, 'learning_rate': 0.01, 'colsample_bytree': 0.65}",-6.181384211830387,-5.763591213247352,-6.740779269646284,-5.280062677775961,-5.160963941378104,-5.8253562627756175,0.5843513247924166,9,-0.6055026677523797,-0.9660686265959562,-1.2153411325976908,-1.4572369438114452,-1.6050558933605081,-1.169841052823596,0.3561122371936145
0.45726814270019533,0.1366547979759214,0.008954620361328125,0.002364136003098993,0.8,1.0,0.0,150,3,6,0.08,1.0,"{'subsample': 0.8, 'reg_lambda': 1.0, 'reg_alpha': 0.0, 'n_estimators': 150, 'min_child_weight': 3, 'max_depth': 6, 'learning_rate': 0.08, 'colsample_bytree': 1.0}",-6.785701254681656,-5.926685346724813,-6.923622009170264,-5.421803776238212,-5.339100671417314,-6.0793826116464516,0.6656380272116795,18,-0.11826950670228412,-0.2401456905920712,-0.37381594842700944,-0.6002851903535835,-0.7083408042973435,-0.4081714280744584,0.21930135591585423
0.2653357982635498,0.07311859603380937,0.008387279510498048,0.0008280404238464428,0.8,2.0,0.0,150,8,6,0.08,0.8,"{'subsample': 0.8, 'reg_lambda': 2.0, 'reg_alpha': 0.0, 'n_estimators': 150, 'min_child_weight': 8, 'max_depth': 6, 'learning_rate': 0.08, 'colsample_bytree': 0.8}",-6.67873567195118,-6.00509070637256,-6.955349778575467,-5.60141302921379,-5.263499877256619,-6.100817812673924,0.6362207281147569,20,-0.8126820910785612,-0.9108560600940089,-1.0586868960220426,-1.1898556137438439,-1.3547490203303516,-1.0653659362537617,0.19339456361185917
0.23761873245239257,0.03583734875078631,0.007731246948242188,0.0011681182104621667,0.65,0.5,1.0,250,1,3,0.12,1.0,"{'subsample': 0.65, 'reg_lambda': 0.5, 'reg_alpha': 1.0, 'n_estimators': 250, 'min_child_weight': 1, 'max_depth': 3, 'learning_rate': 0.12, 'colsample_bytree': 1.0}",-7.461713377326832,-6.059934880605138,-7.029690643383208,-5.932471566334178,-5.6000982302864095,-6.416781739587154,0.7065985325412504,28,-0.1969252548403406,-0.6754501661889348,-1.0459946506427673,-1.4151502876357656,-1.6339545862114393,-0.9934949891038496,0.5150560652388384
0.6721809387207032,0.1548115875542615,0.007828617095947265,0.0008682932658284954,0.8,10.0,0.0,600,8,5,0.12,0.65,"{'subsample': 0.8, 'reg_lambda': 10.0, 'reg_alpha': 0.0, 'n_estimators': 600, 'min_child_weight': 8, 'max_depth': 5, 'learning_rate': 0.12, 'colsample_bytree': 0.65}",-6.739213768429863,-5.823694408617521,-6.904922203186341,-5.535337902328736,-5.268729103015719,-6.054379477115637,0.6530370897491551,17,-0.020886444023114067,-0.0285938727183401,-0.06813727997747514,-0.12089625565163535,-0.17076530397708375,-0.0818558312695297,0.05687064292327803
1.119984006881714,0.2006418134381854,0.009074115753173828,0.003162696426639372,0.8,2.0,1.0,600,8,6,0.03,1.0,"{'subsample': 0.8, 'reg_lambda': 2.0, 'reg_alpha': 1.0, 'n_estimators': 600, 'min_child_weight': 8, 'max_depth': 6, 'learning_rate': 0.03, 'colsample_bytree': 1.0}",-6.682488955137784,-5.873369749144743,-6.684845075984945,-5.575554991220247,-5.2259427147657345,-6.008440297250691,0.5881838531669227,14,-0.4303444955236434,-0.419303388511752,-0.5033101748533542,-0.6801671612521311,-0.7334582202397385,-0.5533166880761239,0.12971074752789374
0.28257904052734373,0.056637614956430916,0.008631277084350585,0.0037909574416961976,1.0,2.0,0.1,400,3,3,0.12,0.65,"{'subsample': 1.0, 'reg_lambda': 2.0, 'reg_alpha': 0.1, 'n_estimators': 400, 'min_child_weight': 3, 'max_depth': 3, 'learning_rate': 0.12, 'colsample_bytree': 0.65}",-6.72782886666893,-6.092934968421572,-7.731833253211307,-5.596825458528119,-5.942568714419104,-6.418398252249807,0.7520878619505341,29,-0.06461589146263741,-0.3634814978140373,-0.6455625859862424,-0.962137307026849,-1.2917820071188706,-0.6655158578817273,0.43194843005538736
0.20083918571472167,0.025629243845223554,0.005986976623535156,0.0008040707409940967,0.8,10.0,1.0,400,3,2,0.12,1.0,"{'subsample': 0.8, 'reg_lambda': 10.0, 'reg_alpha': 1.0, 'n_estimators': 400, 'min_child_weight': 3, 'max_depth': 2, 'learning_rate': 0.12, 'colsample_bytree': 1.0}",-6.937527659461612,-5.816360969849397,-6.915870532138603,-5.664807220980591,-5.366797453984999,-6.140272767283041,0.6582427598493575,23,-0.9544498154763178,-1.8973855563203785,-2.396770613331633,-2.5955495306192944,-2.915747524188218,-2.1519806079871686,0.6839465004617993
0.16059498786926268,0.024005050055451515,0.006123256683349609,0.000980715324578465,1.0,5.0,0.0,400,3,2,0.08,0.65,"{'subsample': 1.0, 'reg_lambda': 5.0, 'reg_alpha': 0.0, 'n_estimators': 400, 'min_child_weight': 3, 'max_depth': 2, 'learning_rate': 0.08, 'colsample_bytree': 0.65}",-6.801619227198551,-6.1686373160952614,-6.888281747417402,-5.519806371295495,-5.475394181391589,-6.17074776867966,0.6033406294971219,25,-1.4617738462480607,-2.5396361652685098,-2.906000839503488,-3.1064568381926314,-3.2906659332561596,-2.6609067244937696,0.6492778909334804
0.17862281799316407,0.05993644823563971,0.0071582794189453125,0.0013263224141108663,1.0,0.5,1.0,150,3,4,0.01,0.65,"{'subsample': 1.0, 'reg_lambda': 0.5, 'reg_alpha': 1.0, 'n_estimators': 150, 'min_child_weight': 3, 'max_depth': 4, 'learning_rate': 0.01, 'colsample_bytree': 0.65}",-5.700158378142163,-5.513733247704375,-6.737250593601313,-5.211393240063485,-5.081231070015126,-5.648753305905293,0.586355618769493,4,-4.26819404485475,-4.357006804572211,-4.586207370099872,-4.616972731758232,-4.689655436920481,-4.503607277641109,0.1619873500663366
0.3626425266265869,0.10755411855652827,0.005456972122192383,0.001138686069491223,1.0,1.0,1.0,150,3,6,0.12,0.8,"{'subsample': 1.0, 'reg_lambda': 1.0, 'reg_alpha': 1.0, 'n_estimators': 150, 'min_child_weight': 3, 'max_depth': 6, 'learning_rate': 0.12, 'colsample_bytree': 0.8}",-6.816078674729426,-5.891283417857082,-7.261752782587419,-5.629413518485523,-5.3375055296551315,-6.187206784662917,0.7308659446639636,26,-0.10520289823063382,-0.10556237813973145,-0.14240342213746646,-0.24987583311707234,-0.39143922642812407,-0.19889675161060563,0.10986611039574182
