mean_fit_time,std_fit_time,mean_score_time,std_score_time,param_n_estimators,param_min_samples_split,param_min_samples_leaf,param_max_features,param_max_depth,params,split0_test_score,split1_test_score,split2_test_score,split3_test_score,split4_test_score,mean_test_score,std_test_score,rank_test_score,split0_train_score,split1_train_score,split2_train_score,split3_train_score,split4_train_score,mean_train_score,std_train_score
1.6100034713745117,0.40473375830745617,0.07228627204895019,0.0012910943278180128,600,15,3,0.9,5,"{'n_estimators': 600, 'min_samples_split': 15, 'min_samples_leaf': 3, 'max_features': 0.9, 'max_depth': 5}",-5.525140257721287,-5.469559921159157,-6.084747435837845,-5.418960520522907,-5.200974584593684,-5.539876543966977,0.29377579790586944,16,-4.644210432318892,-4.4318522675524745,-4.412628616556191,-4.236681051200332,-4.32575480948144,-4.410225435421866,0.13599662779794944
1.3835695743560792,0.28444364803510663,0.07824144363403321,0.004989335906863602,600,2,3,0.5,5,"{'n_estimators': 600, 'min_samples_split': 2, 'min_samples_leaf': 3, 'max_features': 0.5, 'max_depth': 5}",-5.329317791820772,-5.388837485046716,-6.0801318531527455,-5.294076339632019,-5.163983849879515,-5.451269463906354,0.3229490886388701,4,-3.9346811234019423,-4.108969230736143,-4.247697762424823,-4.152960405615056,-4.299645065691376,-4.148790717573868,0.12647979545832747
0.9826322555541992,0.37641690713293185,0.0350801944732666,0.0030361505746094204,250,10,1,0.9,,"{'n_estimators': 250, 'min_samples_split': 10, 'min_samples_leaf': 1, 'max_features': 0.9, 'max_depth': None}",-5.342477924926921,-5.72302678764391,-6.345879993278397,-5.375733309055366,-5.155448375427698,-5.5885132780664595,0.42072607375206567,20,-3.7291610945558844,-3.3133368511596024,-3.0627146916232935,-2.785926434399421,-2.723875882192481,-3.1230029907861363,0.36883935740812945
2.3734567642211912,0.560825694985723,0.10360760688781738,0.006535339329027278,800,5,5,0.7,,"{'n_estimators': 800, 'min_samples_split': 5, 'min_samples_leaf': 5, 'max_features': 0.7, 'max_depth': None}",-5.327822032971782,-5.492546495958666,-6.105536925158794,-5.393970267082892,-5.073764040095532,-5.478727952253534,0.3426463694495384,8,-4.305718246257341,-3.8182464642466805,-3.597701268078732,-3.3161125485113376,-3.2726247998151723,-3.6620806653818527,0.37793428216098013
1.324989652633667,0.45630920123351354,0.0533811092376709,0.0044070990907706005,400,10,5,1.0,8,"{'n_estimators': 400, 'min_samples_split': 10, 'min_samples_leaf': 5, 'max_features': 1.0, 'max_depth': 8}",-5.417668031378836,-5.560207350050412,-6.146248863402833,-5.408068736976349,-5.184956006088339,-5.543429797579354,0.3244424171216206,17,-4.166068313280198,-3.758915484390619,-3.606916750460529,-3.408155430107388,-3.427608967005018,-3.6735329890487507,0.2775690230476257
1.0292291164398193,0.3019681711780198,0.03456554412841797,0.0035090231042712024,250,10,2,1.0,16,"{'n_estimators': 250, 'min_samples_split': 10, 'min_samples_leaf': 2, 'max_features': 1.0, 'max_depth': 16}",-5.556095574920824,-5.625709255737923,-6.3534551006119555,-5.41957474993075,-5.197339894426043,-5.630434915125499,0.38995901430796615,23,-3.7872424827736006,-3.3664277080691307,-3.1402280816403043,-2.8646454748429777,-2.812585760323528,-3.194225901529909,0.3573542632719872
1.4373604297637939,0.5946659231460313,0.0563692569732666,0.011403921693449235,400,5,5,1.0,12,"{'n_estimators': 400, 'min_samples_split': 5, 'min_samples_leaf': 5, 'max_features': 1.0, 'max_depth': 12}",-5.417668031378836,-5.556300455050898,-6.154022368074453,-5.402270927217907,-5.168729638683751,-5.539798284081169,0.33138046385147946,15,-4.166068313280198,-3.7330908475901095,-3.5184013917632435,-3.260534639694776,-3.1917594373480616,-3.573970925935278,0.3530762994698203
1.170042085647583,0.41130024644306,0.052100515365600585,0.005106078863901993,400,15,8,0.9,,"{'n_estimators': 400, 'min_samples_split': 15, 'min_samples_leaf': 8, 'max_features': 0.9, 'max_depth': None}",-5.372320405912176,-5.444939744853666,-5.949691322183289,-5.426296912012444,-5.11230484215217,-5.461110645422749,0.27193152328869313,5,-5.087021898994712,-4.478935988123036,-4.211071417795662,-3.8712182564698097,-3.824625464448924,-4.294574605166429,0.462388885715341
1.412447166442871,0.31883992964007296,0.08178668022155762,0.01668207377874826,600,15,8,0.7,5,"{'n_estimators': 600, 'min_samples_split': 15, 'min_samples_leaf': 8, 'max_features': 0.7, 'max_depth': 5}",-5.314074175394126,-5.42785948726056,-5.866708824693643,-5.382684192075412,-5.165018868662687,-5.431269109617285,0.23520361758225508,3,-5.13907011837834,-4.6762060630365765,-4.575395540007936,-4.347786950146074,-4.419258158144921,-4.631543365942769,0.27868026563151593
1.468229627609253,0.4001052896923088,0.07390065193176269,0.002525903833313997,600,10,1,0.5,8,"{'n_estimators': 600, 'min_samples_split': 10, 'min_samples_leaf': 1, 'max_features': 0.5, 'max_depth': 8}",-5.305738434180359,-5.50378758617426,-6.27791267684227,-5.294452322765804,-5.118280403084963,-5.500034284609531,0.40764193281943195,10,-3.9294868093442004,-3.5821197336295865,-3.4975972261761425,-3.3155237030857543,-3.426731231249255,-3.550291740696988,0.208787865576466
1.6971012592315673,0.4447628483819775,0.07883844375610352,0.013887371786175383,600,2,3,0.9,5,"{'n_estimators': 600, 'min_samples_split': 2, 'min_samples_leaf': 3, 'max_features': 0.9, 'max_depth': 5}",-5.486458057807961,-5.405681965513617,-6.101437832155042,-5.404368268446618,-5.210298221855537,-5.521648869155755,0.30382097440315425,12,-3.705357209428172,-3.9998139581155385,-4.160103759018824,-4.063356562718353,-4.2118652747351515,-4.028099352803208,0.17742643705929775
2.3215367794036865,0.6238086291498989,0.11856517791748047,0.023255834560987176,800,15,5,0.7,12,"{'n_estimators': 800, 'min_samples_split': 15, 'min_samples_leaf': 5, 'max_features': 0.7, 'max_depth': 12}",-5.35517666854856,-5.465287014550414,-6.05108045218433,-5.37446375314832,-5.109812639188287,-5.471164105523982,0.312958922298393,7,-4.841030797490799,-4.216202749863357,-3.944950498751491,-3.6279909041133735,-3.5728880244814016,-4.040612594940084,0.46253116039444175
0.6627560138702393,0.1851188119148394,0.03148179054260254,0.0020993830297552987,250,10,1,0.5,12,"{'n_estimators': 250, 'min_samples_split': 10, 'min_samples_leaf': 1, 'max_features': 0.5, 'max_depth': 12}",-5.272431872533418,-5.526357959385223,-6.391559367307715,-5.310906812042622,-5.145239500935339,-5.529299102440863,0.44825866606347353,13,-3.9110695357131426,-3.3943321668091513,-3.1982970199033183,-2.9159157139873564,-2.920374887510197,-3.2679978647846335,0.36855482979745524
1.414431095123291,0.4426374828443616,0.05854496955871582,0.0118604418964045,400,2,5,1.0,16,"{'n_estimators': 400, 'min_samples_split': 2, 'min_samples_leaf': 5, 'max_features': 1.0, 'max_depth': 16}",-5.417668031378836,-5.556300455050898,-6.154084081805896,-5.402531829720176,-5.166036610885537,-5.5393242017682685,0.33198611586353866,14,-4.166068313280198,-3.7330908475901095,-3.517637225464589,-3.258645616157195,-3.1845369184649983,-3.5719957841914187,0.3550046035231954
0.7253706932067872,0.2159029682180192,0.03686676025390625,0.007979459257079916,250,10,2,1.0,5,"{'n_estimators': 250, 'min_samples_split': 10, 'min_samples_leaf': 2, 'max_features': 1.0, 'max_depth': 5}",-5.500951266353105,-5.528305785684057,-6.173939378222172,-5.439497747989396,-5.224351258278042,-5.573409087305354,0.3186517499545801,19,-3.981526156921005,-4.203145735360367,-4.264308289389466,-4.115888342343951,-4.243201022447003,-4.161613909292358,0.10339237045343382
1.1627980709075927,0.3064251046367045,0.06458277702331543,0.011091348110973604,400,2,8,0.5,,"{'n_estimators': 400, 'min_samples_split': 2, 'min_samples_leaf': 8, 'max_features': 0.5, 'max_depth': None}",-5.185972118728736,-5.398957273112998,-5.973597696560648,-5.282091128257359,-5.092737453154548,-5.386671133962858,0.3105633011548223,1,-5.33028114129006,-4.5908039489025665,-4.326836355247777,-3.9884042567939457,-3.9311991930186734,-4.433504979050605,0.5080855050118944
1.5795040130615234,0.398545919305425,0.07561860084533692,0.001151912841030305,600,15,2,0.5,,"{'n_estimators': 600, 'min_samples_split': 15, 'min_samples_leaf': 2, 'max_features': 0.5, 'max_depth': None}",-5.358651502210093,-5.469595356611522,-6.203474679652017,-5.340098763014234,-5.088458346985961,-5.492055729694765,0.3769349667197897,9,-4.700818493761513,-4.027759718820073,-3.7171353031887455,-3.4004389645634645,-3.3334054613238577,-3.8359115883315313,0.4982220950292015
0.9553677082061768,0.2832761831553544,0.03607220649719238,0.006598128292781409,250,10,2,1.0,8,"{'n_estimators': 250, 'min_samples_split': 10, 'min_samples_leaf': 2, 'max_features': 1.0, 'max_depth': 8}",-5.558237749725868,-5.645531385620111,-6.341656448057908,-5.413776467490495,-5.212359889806067,-5.63431238814009,0.3828652083338,24,-3.7965024767369346,-3.5037947656083395,-3.4194839884084165,-3.239728368766675,-3.304538667599559,-3.452809653423985,0.19453676131701392
1.9167510986328125,0.2599863252514757,0.10046572685241699,0.012254047647816582,800,15,3,0.5,5,"{'n_estimators': 800, 'min_samples_split': 15, 'min_samples_leaf': 3, 'max_features': 0.5, 'max_depth': 5}",-5.353225321719799,-5.416159990694581,-6.084909053854198,-5.312654337407747,-5.147036530488481,-5.462797046832962,0.32355891707854306,6,-4.8463559644027905,-4.528254556962829,-4.485436970611066,-4.305488564180005,-4.394440047325531,-4.511995220696445,0.18397338479635889
2.2742190837860106,0.7972061485005184,0.08512611389160156,0.009313776067755549,600,15,1,0.9,12,"{'n_estimators': 600, 'min_samples_split': 15, 'min_samples_leaf': 1, 'max_features': 0.9, 'max_depth': 12}",-5.487013704472428,-5.663897227101358,-6.244765424026302,-5.432133496709358,-5.214076330433794,-5.608377236548648,0.3490949904612259,22,-4.443834754706416,-3.8423716366010887,-3.5540882620583907,-3.2619319256033443,-3.200178127424755,-3.6604809412787995,0.4536004458961515
2.5588371753692627,0.6468073524471534,0.0919313907623291,0.028854462691153018,800,15,3,0.9,16,"{'n_estimators': 800, 'min_samples_split': 15, 'min_samples_leaf': 3, 'max_features': 0.9, 'max_depth': 16}",-5.5259339506823695,-5.548643384999673,-6.169911932916742,-5.418398215631691,-5.099031415664104,-5.552383779978916,0.3480043394495231,18,-4.602427095586027,-3.9871303574342694,-3.7140372970813096,-3.4054938728862103,-3.34147871793404,-3.8101134681843716,0.45862011293473437
1.1749468803405763,0.293180919739924,0.05399651527404785,0.003430577982301489,400,5,1,0.9,5,"{'n_estimators': 400, 'min_samples_split': 5, 'min_samples_leaf': 1, 'max_features': 0.9, 'max_depth': 5}",-5.357821560286709,-5.412171207483366,-6.230834365939506,-5.414324983503925,-5.174818704812253,-5.517994164405152,0.3670181492462793,11,-3.506313453850428,-3.9512412496221496,-4.1565767850967825,-4.0412783975074085,-4.21267489788872,-3.973616956793097,0.2506289307590876
0.8790328979492188,0.31337500876932095,0.03450875282287598,0.004772277346797168,250,15,2,1.0,16,"{'n_estimators': 250, 'min_samples_split': 15, 'min_samples_leaf': 2, 'max_features': 1.0, 'max_depth': 16}",-5.524240153263646,-5.654421703396628,-6.226877282965307,-5.442599981340353,-5.168730151302152,-5.603373854453618,0.3499679807858493,21,-4.520627508206294,-3.9109474993736284,-3.6182991166453515,-3.3065890516287455,-3.217366310602554,-3.714765897291315,0.4714277639009947
1.260343647003174,0.14443808094785499,0.05490055084228516,0.008214371974208826,600,5,5,0.5,5,"{'n_estimators': 600, 'min_samples_split': 5, 'min_samples_leaf': 5, 'max_features': 0.5, 'max_depth': 5}",-5.2429104527811825,-5.414364266642505,-6.022145073882902,-5.323947313148722,-5.134248218931958,-5.4275230650774535,0.3113096129965143,2,-4.520888221023981,-4.370083193119897,-4.395156944581991,-4.247638119397152,-4.3669681531967655,-4.380146926263957,0.08702523241250347
